Company Name,Sheet,Business,Listing Date,Issue Price,Listing Day Close,Listing Day Gain,NSE Symbol,Match Score
Laxmi India Finance Ltd.,Mainboard,NBFC specialising in secured MSME (70%) and vehicle (20%) finance; MSME loans backed by 40% LTV real-estate; target customers are non-income proof micro businesses,"Tue, Aug 5, 2025",158,134.11,-15.12,LAXMIINDIA,100.0
Gem Aromatics Ltd.,Mainboard,"Produces essential oils, aroma chemicals and value-added derivatives primarily in mint, clove, eucalyptus and phenol products; sells to the likes of Colgate, Dabur, Patanjali; 31% revenue from USA; new products and capacities to be online by Q1'27","Tue, Aug 26, 2025",325,319.05,-1.83,GEMAROMA,100.0
Patel Retail Ltd.,Mainboard,"Twin model - Value-focused retail supermarket chain of 49 stores serving tier-III cities and nearby suburban areas; manufactures FMCG value-add edibles under own brands. Revenue split - 50% retail, 25% own brand products, 25% exports","Tue, Aug 26, 2025",255,287.7,12.82,PATELRMART,100.0
Glottis Ltd.,Mainboard,Multi-modal integrated logistics solutions particularly focused on renewable energy component imports - 50% of revenue,"Tue, Oct 7, 2025",129,83.7,-35.12,GLOTTIS,100.0
Laxmi Dental Ltd.,Mainboard,"End-to-end dental products company offering custom dentures, crowns, aligners, scanners; network of 22k clinics, 20% revenue from US, 70% domestic","Mon, Jan 20, 2025",428,550.55,28.63,LAXMIDENTL,100.0
VMS TMT Ltd.,Mainboard,Manufactures thermo-mechanically treated (TMT) steel bars,"Wed, Sep 24, 2025",99,94.66,-4.38,VMSTMT,100.0
Arisinfra Solutions Ltd.,Mainboard,"B2B construction materials platform company enabling bulk purchase contracts between real estate developers/contractors and material vendors by helping with bids, logistics etc.","Wed, Jun 25, 2025",222,174.38,-21.45,ARIS,100.0
Jinkushal Industries Ltd.,Mainboard,Exports new and refurbished (own refurbishment facility) construction and mining equipment by sourcing from OEMs; has started own brand by contract manufacturing with Chinese player.,"Fri, Oct 3, 2025",121,115.57,-4.49,JKIPL,100.0
Ganesh Consumer Products Ltd.,Mainboard,Atta Maida player with strong presence in East India (Top 3 there),"Mon, Sep 29, 2025",322,294.3,-8.6,GANESHCP,100.0
Indogulf Cropsciences Ltd.,Mainboard,"90% revenue from crop protection products like insecticides, herbicides, fungicides etc.","Thu, Jul 3, 2025",111,110.35,-0.59,IGCL,100.0
Indo Farm Equipment Ltd.,Mainboard,"Fully integrated manufacturer of agricultural and industrial equipment under the brand name ''Indo Farm & Indo Power''. Its key products include tractors (16–110 HP), pick-and-carry cranes (9–30 tons), and other farm machinery like harvester combines and rotavators.","Tue, Jan 7, 2025",215,277.8,29.21,INDOFARM,100.0
BMW Ventures Ltd.,Mainboard,"Engaged in trading/Distribution of steel products, tractor engines and spare parts, manufacturing of PVC pipes and roll forming, and the fabrication of pre-engineered buildings (PEB) and steel girders.","Wed, Oct 1, 2025",99,70.39,-28.9,BMWVENTLTD,100.0
Globe Civil Projects Ltd.,Mainboard,"Civil construction player that offers EPC, MEP, HVAC, firefighting, and structural works, with expertise in executing complex, high-value infrastructure and building projects like college campuses, railway stations, bridges, airport terminals, sports facilities etc","Tue, Jul 1, 2025",71,94.46,33.04,GLOBECIVIL,100.0
Vikran Engineering Ltd.,Mainboard,"Turnkey EPC player specialising in power transmission and distribution projects (cable lines, substations, smart meters) and water infra (jal jeevan mission, water treatment, rainwater harvesting solutions)","Wed, Sep 3, 2025",97,95.71,-1.33,VIKRAN,100.0
Shree Ram Twistex Ltd.,Mainboard,B2B cotton yarn manufacturer,"Mon, Mar 2, 2026",104,71.4,-31.35,SRTL,100.0
Excelsoft Technologies Ltd.,Mainboard,"Vertical SaaS company specialising in Learning, educational and proctoring solutions for clients","Wed, Nov 26, 2025",120,125.97,4.97,EXCELSOFT,100.0
Dev Accelerator Ltd.,Mainboard,Co-working spaces,"Wed, Sep 17, 2025",61,64.05,5.0,DEVX,100.0
Regaal Resources Ltd.,Mainboard,"Produces maize-based specialty products, mainly starch (and gluten, fibre etc) and sells it to paper companies primarily; also makes baking powder, icing sugar, custard sugar etc.","Wed, Aug 20, 2025",102,131.58,29.0,REGAAL,100.0
Ivalue Infosolutions Ltd.,Mainboard,,"Thu, Sep 25, 2025",299,281.85,-5.74,IVALUE,100.0
WeWork India Management Ltd.,Mainboard,,"Fri, Oct 10, 2025",648,628.65,-2.99,WEWORK,100.0
Ajax Engineering Ltd.,Mainboard,,"Mon, Feb 17, 2025",629,595.4,-5.34,AJAXENGG,100.0
M&B Engineering Ltd.,Mainboard,,"Wed, Aug 6, 2025",385,408.65,6.14,HBLENGINE,89.65517241379311
Pace Digitek Ltd.,Mainboard,,"Mon, Oct 6, 2025",219,217.99,-0.46,PACEDIGITK,100.0
Kalpataru Ltd.,Mainboard,,"Tue, Jul 1, 2025",414,432.95,4.58,KALPATARU,100.0
Fabtech Technologies Ltd.,Mainboard,,"Tue, Oct 7, 2025",191,180.39,-5.55,FABTECH,100.0
Highway Infrastructure Ltd.,Mainboard,,"Tue, Aug 12, 2025",70,120.75,72.5,HILINFRA,100.0
Saatvik Green Energy Ltd.,Mainboard,,"Fri, Sep 26, 2025",465,440.7,-5.23,SAATVIKGL,100.0
PhysicsWallah Ltd.,Mainboard,,"Tue, Nov 18, 2025",109,155.24,42.42,PWL,100.0
Orkla India Ltd.,Mainboard,,"Thu, Nov 6, 2025",730,713.65,-2.24,ORKLAINDIA,100.0
Trualt Bioenergy Ltd.,Mainboard,,"Fri, Oct 3, 2025",496,530.95,7.05,TRUALT,100.0
Amanta Healthcare Ltd.,Mainboard,,"Tue, Sep 9, 2025",126,141.75,12.5,AMANTA,100.0
Clean Max Enviro Energy Solutions Ltd.,Mainboard,,"Mon, Mar 2, 2026",1053,867.5,-17.62,CLEANMAX,100.0
Fujiyama Power Systems Ltd.,Mainboard,,"Thu, Nov 20, 2025",228,208.44,-8.58,UTLSOLAR,100.0
Fractal Analytics Ltd.,Mainboard,,"Mon, Feb 16, 2026",900,847.15,-5.87,FRACTAL,100.0
BlueStone Jewellery & Lifestyle Ltd.,Mainboard,,"Tue, Aug 19, 2025",517,546.0,5.61,BLUESTONE,93.5483870967742
Denta Water & Infra Solutions Ltd.,Mainboard,,"Wed, Jan 29, 2025",294,341.25,16.07,DENTA,93.10344827586206
JSW Cement Ltd.,Mainboard,,"Thu, Aug 14, 2025",147,146.07,-0.63,JSWCEMENT,100.0
All Time Plastics Ltd.,Mainboard,,"Thu, Aug 14, 2025",275,283.3,3.02,ALLTIME,100.0
Pine Labs Ltd.,Mainboard,,"Fri, Nov 14, 2025",221,250.89,13.52,PINELABS,100.0
Epack Prefab Technologies Ltd.,Mainboard,,"Wed, Oct 1, 2025",204,194.25,-4.78,EPACKPEB,100.0
Studds Accessories Ltd.,Mainboard,,"Fri, Nov 7, 2025",585,560.3,-4.22,STUDDS,100.0
Capillary Technologies India Ltd.,Mainboard,,"Fri, Nov 21, 2025",577,606.5,5.11,CAPILLARY,100.0
Standard Glass Lining Technology Ltd.,Mainboard,,"Mon, Jan 13, 2025",140,163.35,16.68,SETL,82.53968253968253
Emmvee Photovoltaic Power Ltd.,Mainboard,,"Tue, Nov 18, 2025",217,219.4,1.11,EMMVEE,100.0
Aye Finance Ltd.,Mainboard,,"Mon, Feb 16, 2026",129,128.91,-0.07,AYE,100.0
Sri Lotus Developers & Realty Ltd.,Mainboard,,"Wed, Aug 6, 2025",150,195.67,30.45,LOTUSDEV,93.10344827586206
Crizac Ltd.,Mainboard,,"Wed, Jul 9, 2025",245,307.63,25.56,CRIZAC,100.0
Canara Robeco Asset Management Co.Ltd.,Mainboard,,"Thu, Oct 16, 2025",266,300.45,12.95,CRAMC,88.23529411764706
HDB Financial Services Ltd.,Mainboard,,"Wed, Jul 2, 2025",740,840.95,13.64,HDBFS,100.0
Wakefit Innovations Ltd.,Mainboard,,"Mon, Dec 15, 2025",195,192.29,-1.39,WAKEFIT,100.0
Shadowfax Technologies Ltd.,Mainboard,,"Wed, Jan 28, 2026",124,109.98,-11.31,SHADOWFAX,100.0
KSH International Ltd.,Mainboard,,"Tue, Dec 23, 2025",384,355.0,-7.55,KSHINTL,100.0
Aegis Vopak Terminals Ltd.,Mainboard,,"Mon, Jun 2, 2025",235,242.0,2.98,AEGISVOPAK,100.0
Scoda Tubes Ltd.,Mainboard,,"Wed, Jun 4, 2025",140,147.0,5.0,SCODATUBES,100.0
Gujarat Kidney & Super Speciality Ltd.,Mainboard,,"Tue, Dec 30, 2025",114,104.54,-8.3,GKSL,93.93939393939394
Euro Pratik Sales Ltd.,Mainboard,,"Tue, Sep 23, 2025",247,248.38,0.56,EUROPRATIK,100.0
Quadrant Future Tek Ltd.,Mainboard,,"Tue, Jan 14, 2025",290,444.0,53.1,QUADFUTURE,100.0
Smartworks Coworking Spaces Ltd.,Mainboard,,"Thu, Jul 17, 2025",407,445.05,9.35,SMARTWORKS,100.0
Tata Capital Ltd.,Mainboard,,"Mon, Oct 13, 2025",326,330.5,1.38,TATACAP,100.0
Anantam Highways Trust,Mainboard,,"Thu, Oct 16, 2025",100,105.37,5.37,,0.0
Vidya Wires Ltd.,Mainboard,,"Wed, Dec 10, 2025",52,53.17,2.25,VIDYAWIRES,100.0
Gaudium IVF & Women Health Ltd.,Mainboard,,"Fri, Feb 27, 2026",79,80.26,1.59,GAUDIUMIVF,92.3076923076923
Urban Co.Ltd.,Mainboard,,"Wed, Sep 17, 2025",103,166.83,61.97,,0.0
Shanti Gold International Ltd.,Mainboard,,"Fri, Aug 1, 2025",199,229.38,15.27,SHANTIGOLD,100.0
Schloss Bangalore Ltd.,Mainboard,,"Mon, Jun 2, 2025",435,435.55,0.13,,0.0
Amagi Media Labs Ltd.,Mainboard,,"Wed, Jan 21, 2026",361,348.25,-3.53,AMAGI,100.0
Sudeep Pharma Ltd.,Mainboard,,"Fri, Nov 28, 2025",593,774.15,30.55,SUDEEPPHRM,100.0
Dr.Agarwal's Health Care Ltd.,Mainboard,,"Tue, Feb 4, 2025",402,401.65,-0.09,,0.0
Travel Food Services Ltd.,Mainboard,,"Mon, Jul 14, 2025",1100,1074.8,-2.29,TRAVELFOOD,100.0
Aequs Ltd.,Mainboard,,"Wed, Dec 10, 2025",124,151.29,22.01,AEQUS,100.0
National Securities Depository Ltd.,Mainboard,,"Wed, Aug 6, 2025",800,936.0,17.0,,0.0
Park Medi World Ltd.,Mainboard,,"Wed, Dec 17, 2025",162,147.95,-8.67,PARKHOSPS,100.0
Anlon Healthcare Ltd.,Mainboard,,"Wed, Sep 3, 2025",91,91.73,0.8,AHCL,100.0
Knowledge Realty Trust,Mainboard,,"Mon, Aug 18, 2025",100,106.24,6.24,,0.0
Midwest Ltd.,Mainboard,,"Fri, Oct 24, 2025",1065,1140.5,7.09,MIDWESTLTD,100.0
Advance Agrolife Ltd.,Mainboard,,"Wed, Oct 8, 2025",100,105.02,5.02,ADVANCE,100.0
Sambhv Steel Tubes Ltd.,Mainboard,,"Wed, Jul 2, 2025",82,97.59,19.01,SAMBHV,100.0
Anand Rathi Share & Stock Brokers Ltd.,Mainboard,,"Tue, Sep 30, 2025",414,445.55,7.62,ARSSBL,93.93939393939394
Anthem Biosciences Ltd.,Mainboard,,"Mon, Jul 21, 2025",570,730.35,28.13,ANTHEM,100.0
Atlanta Electricals Ltd.,Mainboard,,"Mon, Sep 29, 2025",754,823.35,9.2,ATLANTAELE,100.0
Nephrocare Health Services Ltd.,Mainboard,,"Wed, Dec 17, 2025",460,471.25,2.45,NEPHROPLUS,100.0
Lenskart Solutions Ltd.,Mainboard,,"Mon, Nov 10, 2025",402,403.1,0.27,LENSKART,100.0
Canara HSBC Life Insurance Co.Ltd.,Mainboard,,"Fri, Oct 17, 2025",106,111.42,5.11,CANHLIFE,86.66666666666667
LG Electronics India Ltd.,Mainboard,,"Tue, Oct 14, 2025",1140,1689.9,48.24,LGEINDIA,100.0
Prostarm Info Systems Ltd.,Mainboard,,"Tue, Jun 3, 2025",105,126.0,20.0,PROSTARM,100.0
Bharat Coking Coal Ltd.,Mainboard,,"Mon, Jan 19, 2026",23,40.58,76.43,BHARATCOAL,100.0
Stallion India Fluorochemicals Ltd.,Mainboard,,"Thu, Jan 23, 2025",90,126.0,40.0,STALLION,100.0
Shringar House of Mangalsutra Ltd.,Mainboard,,"Wed, Sep 17, 2025",165,184.88,12.05,SHRINGARMS,100.0
ICICI Prudential Asset Management Co.Ltd.,Mainboard,,"Fri, Dec 19, 2025",2165,2585.9,19.44,ICICIAMC,89.1891891891892
Meesho Ltd.,Mainboard,,"Wed, Dec 10, 2025",111,170.09,53.23,MEESHO,100.0
Tenneco Clean Air India Ltd.,Mainboard,,"Wed, Nov 19, 2025",397,490.8,23.63,TENNIND,100.0
Corona Remedies Ltd.,Mainboard,,"Mon, Dec 15, 2025",1062,1438.4,35.44,CORONA,100.0
Shreeji Shipping Global Ltd.,Mainboard,,"Tue, Aug 26, 2025",252,255.1,1.23,SHREEJISPG,100.0
Rubicon Research Ltd.,Mainboard,,"Thu, Oct 16, 2025",485,628.2,29.53,RUBICON,100.0
GNG Electronics Ltd.,Mainboard,,"Wed, Jul 30, 2025",237,333.39,40.67,EBGNG,100.0
Billionbrains Garage Ventures Ltd.,Mainboard,,"Wed, Nov 12, 2025",100,131.33,31.33,GROWW,100.0
Jain Resource Recycling Ltd.,Mainboard,,"Wed, Oct 1, 2025",232,304.58,31.28,JAINREC,100.0
Borana Weaves Ltd.,Mainboard,,"Tue, May 27, 2025",216,255.15,18.13,BORANA,100.0
Quality Power Electrical Equipments Ltd.,Mainboard,,"Mon, Feb 24, 2025",425,387.9,-8.73,QPOWER,100.0
Belrise Industries Ltd.,Mainboard,,"Wed, May 28, 2025",90,97.41,8.23,BELRISE,100.0
Ather Energy Ltd.,Mainboard,,"Tue, May 6, 2025",321,302.3,-5.83,ATHERENERG,100.0
Aditya Infotech Ltd.,Mainboard,,"Tue, Aug 5, 2025",675,1082.65,60.39,CPPLUS,100.0
GK Energy Ltd.,Mainboard,,"Fri, Sep 26, 2025",153,167.74,9.63,GKENERGY,100.0
Brigade Hotel Ventures Ltd.,Mainboard,,"Thu, Jul 31, 2025",90,85.32,-5.2,BRIGHOTEL,100.0
Capital Infra Trust,Mainboard,,"Fri, Jan 17, 2025",99,99.02,0.02,CAPTRUST,81.25
Ellenbarrie Industrial Gases Ltd.,Mainboard,,"Tue, Jul 1, 2025",400,534.6,33.65,ELLEN,100.0
Oswal Pumps Ltd.,Mainboard,,"Fri, Jun 20, 2025",614,625.35,1.85,OSWALPUMPS,100.0
Indiqube Spaces Ltd.,Mainboard,,"Wed, Jul 30, 2025",237,217.97,-8.03,INDIQUBE,100.0
Seshaasai Technologies Ltd.,Mainboard,,"Tue, Sep 30, 2025",423,411.45,-2.73,STYL,100.0
Vikram Solar Ltd.,Mainboard,,"Tue, Aug 26, 2025",332,356.4,7.35,VIKRAMSOLR,100.0
Hexaware Technologies Ltd.,Mainboard,,"Wed, Feb 19, 2025",708,762.55,7.7,HEXT,100.0
Mangal Electrical Industries Ltd.,Mainboard,RFS,"Thu, Aug 28, 2025",561,535.35,-4.57,MEIL,100.0
Jaro Institute of Technology,Mainboard,RFS,"Tue, Sep 30, 2025",890,744.25,-16.38,,0.0
Solarworld Energy Solutions Ltd.,Mainboard,RFS,"Tue, Sep 30, 2025",351,323.5,-7.83,SOLARWORLD,100.0
Om Freight Forwarders Ltd.,Mainboard,RFS,"Wed, Oct 8, 2025",135,89.84,-33.45,OMFREIGHT,100.0
Moving Media Entertainment Ltd.,SME,"Camera, lens, peripherals, broadcast equipment rental for the media industry on a project basis; clients include Star India","Thu, Jul 3, 2025",70,74.55,6.5,,0.0
Ken Enterprises Ltd.,SME,"Design-to-delivery textile business that gets orders manufactured from 3Ps and then sells it forward. Clients include Zara, Primark, Target; 40% exports","Wed, Feb 12, 2025",94,80.75,-14.1,WELENT,82.35294117647058
Valencia India Ltd.,SME,Hospitality and resorts,"Thu, Jul 3, 2025",110,83.6,-24.0,,0.0
Studio LSD Ltd.,SME,Original content creation for TV and OTTs from conceptualisation to production,"Mon, Aug 25, 2025",54,41.05,-23.98,,0.0
Logiciel Solutions Ltd.,SME,Outsourced IT Software partner for custom products,"Fri, Dec 5, 2025",193,146.7,-23.99,DIGITIDE,77.77777777777779
Mittal Sections Ltd.,SME,"Steel products like bars, angles and channels","Tue, Oct 14, 2025",143,108.7,-23.99,,0.0
Cedaar Textile Ltd.,SME,"Manufactures and exports yarns made of cotton, polyester, acrylic etc","Mon, Jul 7, 2025",140,113.05,-19.25,,0.0
ATC Energies System Ltd.,SME,Produces Li-ion batteries ranging from 100Wh-2000Wh serving small scale eelctronics to large industrial applications and storage,"Wed, Apr 2, 2025",118,101.65,-13.86,,0.0
Siddhi Cotspin Ltd.,SME,Cotton yarn and associated products,"Fri, Sep 26, 2025",108,82.1,-23.98,,0.0
Shlokka Dyes Ltd.,SME,Manufactures dyes used in textile industry,"Fri, Oct 17, 2025",91,85.5,-6.04,,0.0
Shri Kanha Stainless Ltd.,SME,"Manufactures precision stainless-steel cold-rolled strips, coils, circles and sheets, including thin and ultra-thin gauges.","Wed, Dec 10, 2025",90,83.6,-7.11,,0.0
Yajur Fibres Ltd.,SME,"B2B manufacturer of premium cottonised bast (jute, flex, hemp) fibres and yarns, catering to domestic and international spinning and weaving mills. Capex plan to increase capacity, add dyeing/bleaching and forward integrate to fabrics","Wed, Jan 14, 2026",174,132.25,-23.99,,0.0
Amwill Health Care Ltd.,SME,"Dermal-cosmetic developer, collaborating with contract manufacturers, distributors, and third-party developers for testing, manufacturing and distribution","Wed, Feb 12, 2025",111,93.25,-15.99,AGARWALEYE,73.17073170731707
SSMD Agrotech India Ltd.,SME,"Atta, dal, poha, besan etc","Tue, Dec 2, 2025",121,76.65,-36.65,AGRITECH,78.78787878787878
Globtier Infotech Ltd.,SME,IT SaaS for SAP-based products,"Tue, Sep 2, 2025",72,51.99,-27.79,,0.0
Super Iron Foundry Ltd.,SME,Specialises in casting and manufacturing access covers and gully grates for roadway construction like manhole covers; 55% exports,"Wed, Mar 19, 2025",108,102.6,-5.0,,0.0
CapitalNumbers Infotech Ltd.,SME,IT SaaS,"Mon, Jan 27, 2025",263,261.35,-0.63,,0.0
Narmadesh Brass Industries Ltd.,SME,"Produces brass rods, billets, and a wide range of brass components used in plumbing, sanitaryware, agriculture, electrical and industrial applications; 30% exports","Wed, Jan 21, 2026",515,470.25,-8.69,,0.0
Sundrex Oil Co.Ltd.,SME,"Manufacturer of industrial lubricants, greases, white oils, transformer oils and specialty fluids. 40-50% growth in last 2 years","Tue, Dec 30, 2025",86,65.4,-23.95,,0.0
Rexpro Enterprises Ltd.,SME,"Commercial furniture like floor display racks, kiosks, racks, cabinets, noise barriers, point-of-sale visual units etc.","Wed, Jan 29, 2025",145,111.15,-23.34,RELIGARE,78.94736842105263
Arunaya Organics Ltd.,SME,"Manufactures specialty dyes like direct, acid, basic, solvent etc primarily for paper, textile and chemical industries","Wed, May 7, 2025",58,31.6,-45.52,MANORG,78.78787878787878
Safecure Services Ltd.,SME,"Security and Facility Management services (guards, patrols, CCTVs and the works)","Thu, Nov 6, 2025",102,77.55,-23.97,ECLERX,75.0
Neptune Logitek Ltd.,SME,"Provides end-to-end domestic and EXIM logistics supported by an asset-heavy fleet model and services like customs clearance, forwarding, warehousing etc.","Mon, Dec 22, 2025",126,95.8,-23.97,,0.0
Shipwaves Online Ltd.,SME,"Comprehensive digital platform for multimodal transportation (Ocean, Air, and Land), integrating freight forwarding with Enterprise SaaS solutions for cargo tracking, order management, real-time visibility, shipment planner etc besides offering services like trade finance, insurance, customs clearance, warehousing","Wed, Dec 17, 2025",12,11.4,-5.0,,0.0
Chiraharit Ltd.,SME,"Specialised EPC for water infra like solar module cleaning systems, water irrigation solutions, pipelines, compressed bio-gas plants etc","Wed, Oct 8, 2025",21,15.96,-24.0,,0.0
Snehaa Organics Ltd.,SME,"Operates in solvent recovery and recycling, primarily serving the pharmaceutical industry. Its core activities include job work distillation of spent solvents like methanol, acetone, DMF for customers, direct sales of distilled solvents in the open market, and trading of solvents sourced from suppliers.","Fri, Sep 5, 2025",122,115.9,-5.0,VINATIORGA,73.33333333333334
Icodex Publishing Solutions Ltd.,SME,IT SaaS spanning the entire publishing workflow—from manuscript preparation to print/digital content distribution,"Tue, Aug 19, 2025",102,77.55,-23.97,,0.0
3B Films Ltd.,SME,"Manufactures Cast polypropylene (CPP) and Cast polyethylene (CPE) films for sectors like food packaging, FMCG, thermoforming; bothmetallised and natural; 30% exports, forward integration into printing and lamination","Fri, Jun 6, 2025",50,46.08,-7.84,,0.0
Sampat Aluminium Ltd.,SME,"Uses aluminium ingots and recycled scraps to make rods and wires used in electrical wiring, power T&D, deoxidation in steel mills, transformers, telecom etc","Wed, Sep 24, 2025",120,115.15,-4.04,MAANALU,80.0
Suntech Infra Solutions Ltd.,SME,Turnkey civil construction of infra and industrial buildings + construction equipment rentals,"Wed, Jul 2, 2025",86,103.8,20.7,,0.0
Landmark Immigration Consultants Ltd.,SME,Education and Immigration consultancy services,"Thu, Jan 23, 2025",72,75.07,4.26,,0.0
Star Imaging & Path Lab Ltd.,SME,"Pathology and radiology lab business primarily driven by B2G initiatives, 23 centres, 5 in delhi - most revenue by geogrpahy, rest in UP","Mon, Aug 18, 2025",142,135.95,-4.26,,0.0
Rikhav Securities Ltd.,SME,"Equity broking, market making for newly listed SMEs, MFD business, derivatives trading etc","Wed, Jan 22, 2025",86,171.55,99.48,PRIMESECU,78.78787878787878
Eleganz Interiors Ltd.,SME,"Interior fit-out solutions for offices, labs, lounges, workspaces, retail stores with own manufacturing facility producing doors, MDF panels, window sills, tables etc","Fri, Feb 14, 2025",130,116.05,-10.73,,0.0
Chatterbox Technologies Ltd.,SME,"Influencer marketing platform/agency facilitating content creation, outreach and brand partnerships","Fri, Oct 3, 2025",115,129.0,12.17,SHILCTECH,77.27272727272727
Classic Electrodes (India) Ltd.,SME,Manufacturer of welding electrodes and Metal inert gas wires,"Mon, Sep 1, 2025",87,95.0,9.2,,0.0
Supertech EV Ltd.,SME,Manufactures and assembles E-rickshaws and E-scooters,"Wed, Jul 2, 2025",92,69.92,-24.0,,0.0
NIS Management Ltd.,SME,"Manned guarding, facility management, electronic surveillance, maintenance and support + training institutes for these jobs under government schemes; 78% revenue from WB; wage + service charge model","Tue, Sep 2, 2025",111,97.5,-12.16,,0.0
Smarten Power Systems Ltd.,SME,"Solar Inverters, home UPS, solar power conditioning units and other backup devices; trading solar panels and batteries","Mon, Jul 14, 2025",100,151.2,51.2,PERSISTENT,76.92307692307692
Methodhub Software Ltd.,SME,"IT Infra, cybersecurity and cloud services firm","Fri, Dec 12, 2025",194,162.9,-16.03,,0.0
Sattva Engineering Construction Ltd.,SME,"Chennai-based EPC contractor specialising in water utilities infra like supply lines, underground sewage, sewage treatment plants etc","Wed, Sep 3, 2025",75,99.85,33.13,GARUDA,81.81818181818181
Mahendra Realtors & Infrastructure Ltd.,SME,"Civil works, restoration and infra projects","Wed, Aug 20, 2025",85,64.6,-24.0,,0.0
NSB BPO Solutions Ltd.,SME,"Call centres for BFSI, retail, hospitality, healthcare, education","Fri, Oct 10, 2025",121,121.3,0.25,EXPLEOSOL,72.72727272727273
Dachepalli Publishers Ltd.,SME,"K-12 educational publishing company catering to CBSE, ICSE, State curricula","Tue, Dec 30, 2025",102,79.15,-22.4,,0.0
Yashhtej Industries (India) Ltd.,SME,"Crude soybean oil manufacturer that sells it to refiners; byproduct sold as animal feed; set up a 5MW solar plant with PPA signed, forward integration into refining and bottling","Wed, Feb 25, 2026",110,83.6,-24.0,MANINDS,80.0
Jyoti Global Plast Ltd.,SME,"Blow-moulded and injection moulded customised plastic products for pharma, chemical, F&B, lubricants, cosmetics industry","Mon, Aug 11, 2025",66,65.8,-0.3,,0.0
MARC Technocrats Ltd.,SME,"Infra consultancy services like bid counselling, project reports, surveys, supervision and quality control, financial audits etc; primarily offered to Government departments/ministries","Wed, Dec 24, 2025",93,70.7,-23.98,,0.0
EMA Partners India Ltd.,SME,"Executive search firm/headhunters; 70% domestic, rest Dubai/Singapore","Fri, Jan 24, 2025",124,148.7,19.92,DATAPATTNS,75.67567567567568
Accretion Pharmaceuticals Ltd.,SME,"Contract manufacturing for tablets, oral liquids, syrups, capsules for antibiotics, pain management, respiratory illness etc","Wed, May 21, 2025",101,82.95,-17.87,EMCURE,80.85106382978724
Kabra Jewels Ltd.,SME,Wholesale and retail jewellery,"Wed, Jan 22, 2025",128,255.35,99.49,,0.0
Invicta Diagnostic Ltd.,SME,Radiology and Patholgy lab chain of 7 centres + 1 central lab based out of MMR region,"Mon, Dec 8, 2025",85,96.7,13.76,KRSNAA,72.22222222222221
Sugs Lloyd Ltd.,SME,"EPC for solar projects, Outage management for Discoms, turnkey civil projects like college campuses, SCADA integration and other solutions for the power sector; majorly Bihar focused","Fri, Sep 5, 2025",123,125.85,2.32,,0.0
Munish Forge Ltd.,SME,"Forged and Cast components for a bunch of industries - flanges, scaffolding, cutter teeth and other tractor components, T-72 tank chains, bomb shells, railway brake discs","Wed, Oct 8, 2025",96,110.25,14.84,,0.0
Shri Hare-Krishna Sponge Iron Ltd.,SME,Manufactuer of sponge iron used in furnaces for downstream steel production,"Tue, Jul 1, 2025",59,64.55,9.41,,0.0
PRO FX Tech Ltd.,SME,"Retail distribution of high-end audio video products like amplifiers, streamers, woofers etc","Thu, Jul 3, 2025",87,99.75,14.66,,0.0
Readymix Construction Machinery Ltd.,SME,"Design, development, fabrication and installation of P&M for cement, concrete crushing, building material industries","Thu, Feb 13, 2025",123,116.85,-5.0,,0.0
Rachit Prints Ltd.,SME,,"Mon, Sep 8, 2025",149,113.25,-23.99,,0.0
GLEN Industries Ltd.,SME,,"Tue, Jul 15, 2025",97,152.37,57.08,BCLIND,82.75862068965517
Malpani Pipes & Fittings Ltd.,SME,,"Tue, Feb 4, 2025",90,84.04,-6.62,,0.0
Shanmuga Hospital Ltd.,SME,,"Fri, Feb 21, 2025",54,51.3,-5.0,,0.0
Matrix Geo Solutions Ltd.,SME,,"Tue, Sep 30, 2025",104,99.15,-4.66,,0.0
PAN HR Solutions Ltd.,SME,,"Fri, Feb 13, 2026",78,78.01,0.01,FIRSTCRY,74.28571428571429
Solarium Green Energy Ltd.,SME,,"Thu, Feb 13, 2025",191,211.9,10.94,SAATVIKGL,78.04878048780488
Gabion Technologies India Ltd.,SME,,"Tue, Jan 13, 2026",81,93.41,15.32,DIXON,89.79591836734694
Manilam Industries India Ltd.,SME,,"Fri, Feb 27, 2026",69,52.45,-23.99,MANINDS,90.9090909090909
Curis Lifesciences Ltd.,SME,,"Fri, Nov 14, 2025",128,141.0,10.16,ERIS,91.42857142857143
Patel Chem Specialities Ltd.,SME,,"Fri, Aug 1, 2025",84,104.5,24.4,,0.0
Systematic Industries Ltd.,SME,,"Wed, Oct 1, 2025",195,205.1,5.18,SATIA,81.08108108108108
Neochem Bio Solutions Ltd.,SME,,"Tue, Dec 9, 2025",98,111.8,14.08,GOLDTECH,82.05128205128204
Srigee DLM Ltd.,SME,,"Mon, May 12, 2025",99,197.5,99.49,,0.0
Optivalue Tek Consulting Ltd.,SME,,"Wed, Sep 10, 2025",84,102.6,22.14,,0.0
Justo Realfintech Ltd.,SME,,"Wed, Oct 1, 2025",127,130.5,2.76,,0.0
Monarch Surveyors & Engineering Consultants Ltd.,SME,,"Tue, Jul 29, 2025",250,400.2,60.08,MITCON,77.5
Apollo Techno Industries Ltd.,SME,,"Wed, Dec 31, 2025",130,151.95,16.88,TIIL,73.07692307692308
Sellowrap Industries Ltd.,SME,,"Fri, Aug 1, 2025",83,94.5,13.86,SEYAIND,80.0
True Colors Ltd.,SME,,"Tue, Sep 30, 2025",191,183.05,-4.16,,0.0
Technichem Organics Ltd.,SME,,"Tue, Jan 7, 2025",55,63.11,14.75,,0.0
Manoj Jewellers Ltd.,SME,,"Mon, May 12, 2025",54,53.77,-0.43,MOTISONS,72.72727272727273
Monika Alcobev Ltd.,SME,,"Wed, Jul 23, 2025",286,288.0,0.7,,0.0
Greenleaf Envirotech Ltd.,SME,,"Thu, Oct 9, 2025",136,132.9,-2.28,,0.0
Nukleus Office Solutions Ltd.,SME,,"Tue, Mar 4, 2025",234,196.55,-16.0,,0.0
Austere Systems Ltd.,SME,,"Fri, Sep 12, 2025",55,79.32,44.22,,0.0
Mobilise App Lab Ltd.,SME,,"Mon, Mar 2, 2026",80,67.3,-15.88,,0.0
Admach Systems Ltd.,SME,,"Wed, Dec 31, 2025",239,200.75,-16.0,RAMCOSYS,81.4814814814815
Silky Overseas Ltd.,SME,,"Mon, Jul 7, 2025",161,162.45,0.9,VINNY,78.57142857142857
Biopol Chemicals Ltd.,SME,,"Fri, Feb 13, 2026",108,105.5,-2.31,BODALCHEM,83.87096774193549
Modern Diagnostic & Research Centre Ltd.,SME,,"Wed, Jan 7, 2026",90,94.99,5.54,,0.0
Marushika Technology Ltd.,SME,,"Thu, Feb 19, 2026",117,109.0,-6.84,,0.0
Aakaar Medical Technologies Ltd.,SME,,"Fri, Jun 27, 2025",72,71.25,-1.04,AAATECH,74.4186046511628
Hannah Joseph Hospital Ltd.,SME,,"Mon, Feb 2, 2026",70,68.25,-2.5,,0.0
Sheel Biotech Ltd.,SME,,"Wed, Oct 8, 2025",63,95.55,51.67,,0.0
Digilogic Systems Ltd.,SME,,"Wed, Jan 28, 2026",104,79.05,-23.99,,0.0
Telge Projects Ltd.,SME,,"Fri, Oct 3, 2025",105,110.45,5.19,RKEC,74.07407407407408
GRE Renew Enertech Ltd.,SME,,"Wed, Jan 21, 2026",105,91.2,-13.14,,0.0
Praruh Technologies Ltd.,SME,,"Wed, Oct 1, 2025",63,62.84,-0.25,PALREDTEC,84.21052631578947
Swastika Castal Ltd.,SME,,"Mon, Jul 28, 2025",65,66.82,2.8,,0.0
Brandman Retail Ltd.,SME,,"Wed, Feb 11, 2026",176,192.15,9.18,,0.0
Shreeji Global FMCG Ltd.,SME,,"Wed, Nov 12, 2025",125,101.7,-18.64,,0.0
CFF Fluid Control Ltd.,SME,,"Wed, Jul 16, 2025",585,653.0,11.62,,0.0
Sihora Industries Ltd.,SME,,"Fri, Oct 17, 2025",66,66.5,0.76,SHINDL,88.23529411764706
Kiaasa Retail Ltd.,SME,,"Mon, Mar 2, 2026",127,116.85,-7.99,,0.0
Virtual Galaxy Infotech Ltd.,SME,,"Mon, May 19, 2025",142,189.0,33.1,,0.0
Mayasheel Ventures Ltd.,SME,,"Fri, Jun 27, 2025",47,60.9,29.57,,0.0
Valplast Technologies Ltd.,SME,,"Wed, Oct 8, 2025",54,58.63,8.57,,0.0
Aaradhya Disposal Industries Ltd.,SME,,"Mon, Aug 11, 2025",116,116.55,0.47,,0.0
Speb Adhesives Ltd.,SME,,"Mon, Dec 8, 2025",56,57.0,1.79,HPAL,84.61538461538461
Grand Continent Hotels Ltd.,SME,,"Thu, Mar 27, 2025",113,107.25,-5.09,,0.0
Dhara Rail Projects Ltd.,SME,,"Wed, Dec 31, 2025",126,157.5,25.0,,0.0
Shivashrit Foods Ltd.,SME,,"Mon, Sep 1, 2025",142,141.45,-0.39,,0.0
Active Infrastructures Ltd.,SME,,"Fri, Mar 28, 2025",181,175.6,-2.98,GTLINFRA,80.0
Nilachal Carbo Metalicks Ltd.,SME,,"Tue, Sep 16, 2025",85,71.4,-16.0,,0.0
SK Minerals & Additives Ltd.,SME,,"Fri, Oct 17, 2025",127,152.25,19.88,,0.0
Kasturi Metal Composite Ltd.,SME,,"Tue, Feb 3, 2026",64,63.16,-1.31,,0.0
Rapid Fleet Management Services Ltd.,SME,,"Fri, Mar 28, 2025",192,200.9,4.64,RADIANTCMS,76.19047619047619
Unisem Agritech Ltd.,SME,,"Wed, Dec 17, 2025",65,61.75,-5.0,AGRITECH,75.86206896551724
Flywings Simulator Training Centre Ltd.,SME,,"Fri, Dec 12, 2025",191,204.75,7.2,,0.0
Ecoline Exim Ltd.,SME,,"Tue, Sep 30, 2025",141,140.5,-0.35,,0.0
Clear Secured Services Ltd.,SME,,"Mon, Dec 8, 2025",132,113.05,-14.36,,0.0
Purple Wave Infocom Ltd.,SME,,"Fri, Dec 5, 2025",126,130.5,3.57,,0.0
Prime Cable Industries Ltd.,SME,,"Mon, Sep 29, 2025",83,78.3,-5.66,SUPREMEIND,75.0
INDO SMC Ltd,SME,,"Wed, Jan 21, 2026",149,154.8,3.89,,0.0
Abram Food Ltd.,SME,,"Tue, Jul 1, 2025",98,94.92,-3.14,,0.0
Shayona Engineering Ltd.,SME,,"Fri, Jan 30, 2026",144,151.0,4.86,SANSERA,84.21052631578947
Bai Kakaji Polymers Ltd.,SME,,"Wed, Dec 31, 2025",186,188.2,1.18,,0.0
Karbonsteel Engineering Ltd.,SME,,"Tue, Sep 16, 2025",159,194.35,22.23,PATELENG,80.0
Mehul Colours Ltd.,SME,,"Wed, Aug 6, 2025",72,86.03,19.49,,0.0
B.D.Industries (Pune) Ltd.,SME,,"Wed, Aug 6, 2025",108,108.15,0.14,PAGEIND,81.25
Umiya Mobile Ltd.,SME,,"Mon, Aug 4, 2025",66,68.78,4.21,,0.0
Bhavik Enterprises Ltd.,SME,,"Mon, Oct 6, 2025",140,145.3,3.79,ABANSENT,80.0
Barflex Polyfilms Ltd.,SME,,"Mon, Jan 20, 2025",60,63.0,5.0,,0.0
Chamunda Electrical Ltd.,SME,,"Tue, Feb 11, 2025",50,66.5,33.0,ATLANTAELE,73.6842105263158
KVS Castings Ltd.,SME,,"Mon, Oct 6, 2025",56,69.61,24.3,,0.0
Msafe Equipments Ltd.,SME,,"Wed, Feb 4, 2026",123,150.3,22.2,,0.0
Desco Infratech Ltd.,SME,,"Tue, Apr 1, 2025",150,168.0,12.0,,0.0
Fractal Industries Ltd.,SME,,"Tue, Feb 24, 2026",216,217.55,0.72,BCLIND,81.25
Rukmani Devi Garg Agro Impex Ltd.,SME,,"Mon, Oct 6, 2025",99,77.13,-22.09,,0.0
Ashwini Container Movers Ltd.,SME,,"Fri, Dec 19, 2025",142,140.1,-1.34,,0.0
Gallard Steel Ltd.,SME,,"Wed, Nov 26, 2025",150,234.25,56.17,SALSTEEL,72.72727272727273
Shyam Dhani Industries Ltd.,SME,,"Tue, Dec 30, 2025",70,139.65,99.5,DCMSRIND,77.27272727272727
Leo Dryfruits & Spices Trading Ltd.,SME,,"Wed, Jan 8, 2025",52,71.36,37.23,,0.0
JD Cables Ltd.,SME,,"Thu, Sep 25, 2025",152,157.9,3.88,,0.0
Spunweb Nonwoven Ltd.,SME,,"Mon, Jul 21, 2025",96,158.55,65.16,,0.0
Jainik Power Cables Ltd.,SME,,"Tue, Jun 17, 2025",110,82.85,-24.68,,0.0
Gujarat Peanut & Agri Products Ltd.,SME,,"Fri, Oct 3, 2025",80,67.2,-16.0,,0.0
Blue Water Logistics Ltd.,SME,,"Tue, Jun 3, 2025",135,148.05,9.67,,0.0
K.V.Toys India Ltd.,SME,,"Mon, Dec 15, 2025",239,336.0,40.59,VENKEYS,75.0
E to E Transportation Infrastructure Ltd.,SME,,"Fri, Jan 2, 2026",174,327.8,88.39,,0.0
Savy Infra & Logistics Ltd.,SME,,"Mon, Jul 28, 2025",120,143.3,19.42,JITFINFRA,76.92307692307692
Goel Construction Co.Ltd.,SME,,"Tue, Sep 9, 2025",263,317.6,20.76,SEMAC,80.0
Suba Hotels Ltd.,SME,,"Tue, Oct 7, 2025",111,161.9,45.86,SAMHI,78.26086956521739
Eppeltone Engineers Ltd.,SME,,"Tue, Jun 24, 2025",128,255.35,99.49,,0.0
Earkart Ltd.,SME,,"Fri, Oct 3, 2025",135,142.25,5.37,,0.0
DSM Fresh Foods Ltd.,SME,,"Thu, Oct 9, 2025",100,126.0,26.0,,0.0
Game Changers Texfab Ltd.,SME,,"Tue, Nov 4, 2025",102,109.35,7.21,,0.0
Helloji Holidays Ltd.,SME,,"Tue, Dec 9, 2025",118,123.9,5.0,,0.0
Stanbik Agro Ltd.,SME,,"Fri, Dec 19, 2025",30,33.33,11.1,,0.0
Integrity Infrabuild Developers Ltd.,SME,,"Tue, May 20, 2025",100,103.5,3.5,,0.0
Accord Transformer & Switchgear Ltd.,SME,,"Mon, Mar 2, 2026",46,52.5,14.13,,0.0
Nikita Papers Ltd.,SME,,"Tue, Jun 3, 2025",104,90.45,-13.03,,0.0
Ameenji Rubber Ltd.,SME,,"Mon, Oct 6, 2025",100,106.05,6.05,MODIRUBBER,72.0
Jayesh Logistics Ltd.,SME,,"Mon, Nov 3, 2025",122,117.8,-3.44,AEGISLOG,83.87096774193549
Avana Electrosystems Ltd.,SME,,"Tue, Jan 20, 2026",59,80.3,36.1,,0.0
Neetu Yoshi Ltd.,SME,,"Fri, Jul 4, 2025",75,110.25,47.0,,0.0
Astonea Labs Ltd.,SME,,"Tue, Jun 3, 2025",135,135.65,0.48,,0.0
Nanta Tech Ltd.,SME,,"Wed, Dec 31, 2025",220,245.7,11.68,TAALTECH,73.6842105263158
Defrail Technologies Ltd.,SME,,"Mon, Jan 19, 2026",74,90.25,21.96,CURAA,81.08108108108108
Spinaroo Commercial Ltd.,SME,,"Tue, Apr 8, 2025",51,54.44,6.75,,0.0
Mother Nutri Foods Ltd.,SME,,"Wed, Dec 3, 2025",117,124.3,6.24,,0.0
CKK Retail Mart Ltd.,SME,,"Fri, Feb 6, 2026",163,171.15,5.0,,0.0
Unified Data-Tech Solutions Ltd.,SME,,"Thu, May 29, 2025",273,299.25,9.62,,0.0
Patil Automation Ltd.,SME,,"Mon, Jun 23, 2025",120,162.75,35.62,CRAFTSMAN,72.22222222222221
Royal Arc Electrodes Ltd.,SME,,"Mon, Feb 24, 2025",120,121.3,1.08,,0.0
B.A.G.Convergence Ltd.,SME,,"Wed, Oct 8, 2025",87,106.05,21.9,,0.0
Taurian MPS Ltd.,SME,,"Tue, Sep 16, 2025",171,220.5,28.95,,0.0
Identixweb Ltd.,SME,,"Thu, Apr 3, 2025",54,57.75,6.94,,0.0
Beezaasan Explotech Ltd.,SME,,"Mon, Mar 3, 2025",175,153.3,-12.4,,0.0
Ravelcare Ltd.,SME,,"Mon, Dec 8, 2025",130,190.95,46.88,,0.0
Indobell Insulations Ltd.,SME,,"Mon, Jan 13, 2025",46,91.77,99.5,,0.0
CLN Energy Ltd.,SME,,"Thu, Jan 30, 2025",250,254.15,1.66,,0.0
Connplex Cinemas Ltd.,SME,,"Thu, Aug 14, 2025",177,186.9,5.59,,0.0
Rama Telecom Ltd.,SME,,"Wed, Jul 2, 2025",68,68.4,0.59,SHYAMTEL,80.0
N R Vandana Tex Industries Ltd.,SME,,"Wed, Jun 4, 2025",45,43.7,-2.89,,0.0
Sodhani Capital Ltd.,SME,,"Tue, Oct 7, 2025",51,84.0,64.71,SAMMAANCAP,73.33333333333334
Renol Polychem Ltd.,SME,,"Thu, Aug 7, 2025",105,99.75,-5.0,,0.0
EPW India Ltd.,SME,,"Tue, Dec 30, 2025",97,116.55,20.15,EMPOWER,81.81818181818181
Samay Project Services Ltd.,SME,,"Mon, Jun 23, 2025",34,36.0,5.88,,0.0
Anya Polytech & Fertilizers Ltd.,SME,,"Thu, Jan 2, 2025",14,17.95,28.21,,0.0
Shree Refrigerations Ltd.,SME,,"Thu, Jul 31, 2025",125,175.4,40.32,,0.0
AJC Jewel Manufacturers Ltd.,SME,,"Tue, Jul 1, 2025",95,95.39,0.41,,0.0
Adcounty Media India Ltd.,SME,,"Fri, Jul 4, 2025",85,136.5,60.59,CYBERMEDIA,75.67567567567568
Mahamaya Lifesciences Ltd.,SME,,"Tue, Nov 18, 2025",114,116.0,1.75,,0.0
Parth Electricals & Engineering Ltd.,SME,,"Mon, Aug 11, 2025",170,182.7,7.47,,0.0
KRM Ayurveda Ltd.,SME,,"Thu, Jan 29, 2026",135,180.7,33.85,,0.0
Retaggio Industries Ltd.,SME,,"Mon, Apr 7, 2025",25,25.2,0.8,RAIN,82.35294117647058
Ace Alpha Tech Ltd.,SME,,"Thu, Jul 3, 2025",69,85.05,23.26,,0.0
Prodocs Solutions Ltd.,SME,,"Mon, Dec 15, 2025",138,151.2,9.57,EXPLEOSOL,72.72727272727273
Accretion Nutraveda Ltd.,SME,,"Wed, Feb 4, 2026",129,191.2,48.22,,0.0
Current Infraprojects Ltd.,SME,,"Wed, Sep 3, 2025",80,152.75,90.94,GPTINFRA,78.94736842105263
Paradeep Parivahan Ltd.,SME,,"Mon, Mar 24, 2025",98,82.32,-16.0,,0.0
Sunsky Logistics Ltd.,SME,,"Wed, Oct 8, 2025",46,53.55,16.41,SNOWMAN,72.72727272727273
Global Ocean Logistics India Ltd.,SME,,"Wed, Dec 24, 2025",78,79.29,1.65,,0.0
Chandan Healthcare Ltd.,SME,,"Mon, Feb 17, 2025",159,173.35,9.03,AHCL,82.35294117647058
Maxvolt Energy Industries Ltd.,SME,,"Wed, Feb 19, 2025",180,180.9,0.5,,0.0
M P K Steels (I) Ltd.,SME,,"Mon, Oct 6, 2025",79,83.5,5.7,,0.0
BharatRohan Airborne Innovations Ltd.,SME,,"Tue, Sep 30, 2025",85,91.99,8.22,,0.0
Workmates Core2Cloud Solution Ltd.,SME,,"Tue, Nov 18, 2025",204,368.25,80.51,,0.0
Safe Enterprises Retail Fixtures Ltd.,SME,,"Fri, Jun 27, 2025",138,158.55,14.89,,0.0
Tejas Cargo India Ltd.,SME,,"Mon, Feb 24, 2025",168,168.0,0.0,,0.0
Vijaypd Ceutical Ltd.,SME,,"Tue, Oct 7, 2025",35,35.9,2.57,,0.0
Exim Routes Ltd.,SME,,"Fri, Dec 19, 2025",88,115.5,31.25,,0.0
Pajson Agro India Ltd.,SME,,"Thu, Dec 18, 2025",118,130.2,10.34,AGROPHOS,81.25
Neptune Petrochemicals Ltd.,SME,,"Wed, Jun 4, 2025",122,139.35,14.22,IGPL,76.92307692307692
Airfloa Rail Technology Ltd.,SME,,"Thu, Sep 18, 2025",140,279.3,99.5,,0.0
Balaji Phosphates Ltd.,SME,,"Fri, Mar 7, 2025",70,74.35,6.21,PARADEEP,72.22222222222221
Parmeshwar Metal Ltd.,SME,,"Thu, Jan 9, 2025",61,88.72,45.44,,0.0
Grover Jewells Ltd.,SME,,"Wed, Feb 11, 2026",88,100.8,14.55,,0.0
Shri Ahimsa Naturals Ltd.,SME,,"Wed, Apr 2, 2025",119,147.0,23.53,,0.0
P S Raj Steels Ltd.,SME,,"Wed, Feb 19, 2025",140,150.6,7.57,,0.0
Flysbs Aviation Ltd.,SME,,"Fri, Aug 8, 2025",225,448.85,99.49,,0.0
Sat Kartar Shopping Ltd.,SME,,"Fri, Jan 17, 2025",81,161.55,99.44,,0.0
Influx Healthtech Ltd.,SME,,"Wed, Jun 25, 2025",96,126.2,31.46,,0.0
TechD Cybersecurity Ltd.,SME,,"Mon, Sep 22, 2025",193,385.0,99.48,,0.0
Exato Technologies Ltd.,SME,,"Fri, Dec 5, 2025",140,279.3,99.5,TATATECH,85.71428571428572
Voler Car Ltd.,SME,,"Wed, Feb 19, 2025",90,91.45,1.61,,0.0
HP Telecom India Ltd.,SME,,"Fri, Feb 28, 2025",108,115.05,6.53,,0.0
L.T.Elevator Ltd.,SME,,"Fri, Sep 19, 2025",78,142.9,83.21,,0.0
Infinity Infoway Ltd.,SME,,"Wed, Oct 8, 2025",155,309.2,99.48,,0.0
Encompass Design India Ltd.,SME,,"Fri, Dec 12, 2025",107,193.15,80.51,,0.0
Sawaliya Foods Products Ltd.,SME,,"Thu, Aug 14, 2025",120,239.4,99.5,,0.0
Jay Ambe Supermarkets Ltd.,SME,,"Wed, Sep 17, 2025",78,82.95,6.35,,0.0
Zelio E-Mobility Ltd.,SME,,"Wed, Oct 8, 2025",136,162.6,19.56,,0.0
HRS Aluglaze Ltd.,SME,,"Thu, Dec 18, 2025",96,132.3,37.81,,0.0
ANB Metal Cast Ltd.,SME,,"Mon, Aug 18, 2025",156,172.2,10.38,,0.0
Iware Supplychain Services Ltd.,SME,,"Tue, May 6, 2025",95,80.9,-14.84,,0.0
Divine Hira Jewellers Ltd.,SME,,"Mon, Mar 24, 2025",90,85.5,-5.0,,0.0
Monolithisch India Ltd.,SME,,"Thu, Jun 19, 2025",143,243.1,70.0,,0.0
Fabtech Technologies Cleanrooms Ltd.,SME,,"Fri, Jan 10, 2025",85,169.57,99.49,FABTECH,78.43137254901961
Cryogenic OGS Ltd.,SME,,"Thu, Jul 10, 2025",47,93.76,99.49,,0.0
Tankup Engineers Ltd.,SME,,"Wed, Apr 30, 2025",140,183.75,31.25,VASCONEQ,75.0
Aptus Pharma Ltd.,SME,,"Tue, Sep 30, 2025",70,84.84,21.2,ANUHPHR,78.26086956521739
Sacheerome Ltd.,SME,,"Mon, Jun 16, 2025",102,160.55,57.4,,0.0
Avax Apparels & Ornaments Ltd.,SME,,"Tue, Jan 14, 2025",70,139.65,99.5,,0.0
Anondita Medicare Ltd.,SME,,"Mon, Sep 1, 2025",145,289.25,99.48,,0.0
Om Metallogic Ltd.,SME,Mcap less than 100cr,"Tue, Oct 7, 2025",86,85.0,-1.16,,0.0
Swasth Foodtech India Ltd.,SME,Mcap less than 100cr,"Fri, Feb 28, 2025",94,89.3,-5.0,,0.0
Aten Papers & Foam Ltd.,SME,Mcap less than 100cr,"Fri, Jun 20, 2025",96,85.5,-10.94,,0.0
Citichem India Ltd.,SME,Mcap less than 100cr,"Fri, Jan 3, 2025",70,68.28,-2.46,,0.0
Shreenath Paper Products Ltd.,SME,Mcap less than 100cr,"Wed, Mar 5, 2025",44,33.44,-24.0,PDMJEPAPER,72.34042553191489
Galaxy Medicare Ltd.,SME,Mcap less than 100cr,"Wed, Sep 17, 2025",54,51.3,-5.0,,0.0
K K Silk Mills Ltd.,SME,Mcap less than 100cr,"Wed, Dec 3, 2025",38,30.4,-20.0,,0.0
Astron Multigrain Ltd.,SME,Mcap less than 100cr,"Mon, Dec 8, 2025",63,47.88,-24.0,,0.0
Vandan Foods Ltd.,SME,Mcap less than 100cr,"Mon, Jul 7, 2025",115,118.75,3.26,HNDFDS,74.07407407407408
Infonative Solutions Ltd.,SME,Mcap less than 100cr,"Tue, Apr 8, 2025",79,60.04,-24.0,GOLDTECH,78.94736842105263
Kenrik Industries Ltd.,SME,Mcap less than 100cr,"Fri, May 9, 2025",25,26.26,5.04,KEI,90.32258064516128
Victory Electric Vehicles International Ltd.,SME,Mcap less than 100cr,"Wed, Jan 14, 2026",41,32.75,-20.12,,0.0
GB Logistics Commerce Ltd.,SME,Mcap less than 100cr,"Fri, Jan 31, 2025",102,81.75,-19.85,,0.0
Western Overseas Study Abroad Ltd.,SME,Mcap less than 100cr,"Thu, Dec 11, 2025",56,52.16,-6.86,,0.0
Solvex Edibles Ltd.,SME,Mcap less than 100cr,"Wed, Oct 1, 2025",72,61.37,-14.76,,0.0
Riddhi Display Equipments Ltd.,SME,Mcap less than 100cr,"Mon, Dec 15, 2025",100,76.0,-24.0,,0.0
Aritas Vinyl Ltd.,SME,Mcap less than 100cr,"Fri, Jan 23, 2026",47,44.65,-5.0,,0.0
Gurunanak Agriculture India Ltd.,SME,Mcap less than 100cr,"Wed, Oct 1, 2025",75,54.15,-27.8,,0.0
Armour Security India Ltd.,SME,Mcap less than 100cr,"Thu, Jan 22, 2026",57,43.35,-23.95,,0.0
Dhillon Freight Carrier Ltd.,SME,Mcap less than 100cr,"Tue, Oct 7, 2025",72,54.72,-24.0,,0.0
PDP Shipping & Projects Ltd.,SME,Mcap less than 100cr,"Tue, Mar 18, 2025",135,102.85,-23.81,,0.0
Shining Tools Ltd.,SME,Mcap less than 100cr,"Fri, Nov 14, 2025",114,98.8,-13.33,STERTOOLS,74.07407407407408
Happy Square Outsourcing Services Ltd.,SME,Mcap less than 100cr,"Thu, Jul 10, 2025",76,80.85,6.38,,0.0
NAPS Global India Ltd.,SME,Mcap less than 100cr,"Tue, Mar 11, 2025",90,102.6,14.0,,0.0
BLT Logistics Ltd.,SME,Mcap less than 100cr,"Mon, Aug 11, 2025",75,95.49,27.32,AVG,76.92307692307692
Essex Marine Ltd.,SME,Mcap less than 100cr,"Mon, Aug 11, 2025",54,41.04,-24.0,,0.0
Kanishk Aluminium India Ltd.,SME,Mcap less than 100cr,"Wed, Feb 4, 2026",73,55.48,-24.0,,0.0
Medistep Healthcare Ltd.,SME,Mcap less than 100cr,"Mon, Aug 18, 2025",43,50.35,17.09,METROPOLIS,75.0
Krupalu Metals Ltd.,SME,Mcap less than 100cr,"Tue, Sep 16, 2025",72,60.48,-16.0,ALKALI,74.07407407407408
TSC India Ltd.,SME,Mcap less than 100cr,"Wed, Jul 30, 2025",70,71.4,2.0,PTC,88.88888888888889
LGT Business Connextions Ltd.,SME,Mcap less than 100cr,"Tue, Aug 26, 2025",107,81.35,-23.97,,0.0
Vashishtha Luxury Fashion Ltd.,SME,Mcap less than 100cr,"Mon, Sep 15, 2025",111,121.75,9.68,,0.0
Icon Facilitators Ltd.,SME,Mcap less than 100cr,"Tue, Jul 1, 2025",91,85.5,-6.04,,0.0
Abril Paper Tech Ltd.,SME,Mcap less than 100cr,"Fri, Sep 5, 2025",61,49.38,-19.05,,0.0
L.K.Mehta Polymers Ltd.,SME,Mcap less than 100cr,"Fri, Feb 21, 2025",71,68.29,-3.82,PEARLPOLY,73.33333333333334
Vigor Plast India Ltd.,SME,Mcap less than 100cr,"Fri, Sep 12, 2025",81,85.7,5.8,,0.0
Repono Ltd.,SME,Mcap less than 100cr,"Mon, Aug 4, 2025",96,87.09,-9.28,,0.0
Takyon Networks Ltd.,SME,Mcap less than 100cr,"Wed, Aug 6, 2025",54,55.72,3.19,TEJASNET,75.86206896551724
Davin Sons Retail Ltd.,SME,Mcap less than 100cr,"Thu, Jan 9, 2025",55,46.2,-16.0,,0.0
Manas Polymers & Energies Ltd.,SME,Mcap less than 100cr,"Mon, Oct 6, 2025",81,146.2,80.49,,0.0
Marc Loire Fashions Ltd.,SME,Mcap less than 100cr,"Mon, Jul 7, 2025",100,76.0,-24.0,,0.0
Dar Credit & Capital Ltd.,SME,Mcap less than 100cr,"Wed, May 28, 2025",60,63.95,6.58,CENTRUM,72.72727272727273
Luxury Time Ltd.,SME,Mcap less than 100cr,"Thu, Dec 11, 2025",82,163.59,99.5,,0.0
Delta Autocorp Ltd.,SME,RFS,"Tue, Jan 14, 2025",130,167.25,28.65,,0.0
Ganga Bath Fittings Ltd.,SME,RFS,"Wed, Jun 11, 2025",49,56.05,14.39,,0.0
ARC Insulation & Insulators Ltd.,SME,RFS,"Fri, Aug 29, 2025",125,137.75,10.2,,0.0
Chemkart India Ltd.,SME,RFS,"Mon, Jul 14, 2025",248,259.45,4.62,,0.0
Kaytex Fabrics Ltd.,SME,RFS,"Tue, Aug 5, 2025",180,150.6,-16.33,,0.0
Bhadora Industries Ltd.,SME,RFS,"Mon, Aug 11, 2025",103,105.95,2.86,BOHRAIND,88.23529411764706
H.M.Electro Mech Ltd.,SME,RFS,"Fri, Jan 31, 2025",75,77.04,2.72,,0.0
Asston Pharmaceuticals Ltd.,SME,RFS,"Wed, Jul 16, 2025",123,124.95,1.59,JAGSNPHARM,85.1063829787234
B.R.Goyal Infrastructure Ltd.,SME,RFS,"Tue, Jan 14, 2025",135,142.5,5.56,GTLINFRA,85.0
Cash Ur Drive Marketing Ltd.,SME,RFS,"Thu, Aug 7, 2025",130,157.45,21.12,,0.0
Sharvaya Metals Ltd.,SME,RFS,"Fri, Sep 12, 2025",196,208.05,6.15,SMLT,75.86206896551724
Pushpa Jewellers Ltd.,SME,RFS,"Mon, Jul 7, 2025",147,117.6,-20.0,PCJEWELLER,74.07407407407408
Meta Infotech Ltd.,SME,RFS,"Fri, Jul 11, 2025",161,236.25,46.74,FERMENTA,75.86206896551724
Oval Projects Engineering Ltd.,SME,RFS,"Thu, Sep 4, 2025",85,85.05,0.06,VARROC,79.06976744186046
Finbud Financial Services Ltd.,SME,RFS,"Thu, Nov 13, 2025",142,164.85,16.09,FINKURVE,88.46153846153845
